<?xml version="1.0" encoding="UTF-8"?>
<beans xmlns="http://www.springframework.org/schema/beans"
	xmlns:xsi="http://www.w3.org/2001/XMLSchema-instance" 
	xmlns:aop="http://www.springframework.org/schema/aop"
	xsi:schemaLocation="http://www.springframework.org/schema/beans 
	http://www.springframework.org/schema/beans/spring-beans-4.0.xsd">
	
	
	<bean id="empl" class="com.cg.jdbc.service.EmployeeServiceImpl">
	<property name="dao" ref="EmployeeDao"></property>
	</bean>
	<bean id="EmployeeDao" class="com.cg.jdbc.dao.EmployeeDaoImpl">
	<property name="jdbcTemplate" ref="jdbcTemplate">
	</property>
	</bean>
	<bean id="jdbcTemplate" class="    org.springframework.jdbc.core.JdbcTemplate">
	<constructor-arg ref="dataSource"/></bean>
	
	<bean id="dataSource" class="org.springframework.jdbc.datasource.DriverManagerDataSource">
	<property name="driverClassName" value="${db.driver}"/>
	<property name="url" value="${db.url}"/>
	<property name="username" value="${db.user}"/>
	<property name="password" value="${db.password}"/>
	
	</bean>	
	<bean id="placeHolderConfig" class="org.springframework.beans.factory.config.PropertyPlaceholderConfigurer">
	<property name="location"><value>user.properties</value></property>
	</bean>
	</beans>