<?xml version="1.0" encoding="UTF-8"?>
<beans xmlns="http://www.springframework.org/schema/beans"
	xmlns:xsi="http://www.w3.org/2001/XMLSchema-instance" 
	xmlns:aop="http://www.springframework.org/schema/aop"
	xsi:schemaLocation="http://www.springframework.org/schema/beans 
		http://www.springframework.org/schema/beans/spring-beans-4.0.xsd">
		<bean id="ExchangeService" class="com.cg.ExchangeService">
	<!-- <property name="exchangeRate" value="Currency"></property>  -->
	  
		<constructor-arg><value>44.25</value></constructor-arg>
		</bean>
		
		<bean id="currencyConverter" class="com.cg.Currency" autowire="byName">
		<!-- <property name="exchangeService"> 
		<ref bean="ExchangeService"/>
		</property> -->
		</bean>
		
		
	
		</beans>