<?xml version="1.0" encoding="UTF-8"?>
<beans xmlns="http://www.springframework.org/schema/beans"
	xmlns:context="http://www.springframework.org/schema/context"
	xmlns:mvc="http://www.springframework.org/schema/mvc" 
	xmlns:xsi="http://www.w3.org/2001/XMLSchema-instance"
	xmlns:tx="http://www.springframework.org/schema/tx"
	xsi:schemaLocation="
        http://www.springframework.org/schema/beans     
        http://www.springframework.org/schema/beans/spring-beans-3.0.xsd
        http://www.springframework.org/schema/context 
        http://www.springframework.org/schema/context/spring-context-3.0.xsd
        http://www.springframework.org/schema/mvc
        http://www.springframework.org/schema/mvc/spring-mvc-3.0.xsd
        http://www.springframework.org/schema/tx 
        http://www.springframework.org/schema/tx/spring-tx-3.2.xsd">
       
       <context:component-scan base-package="com.cg.web.pms.controller"></context:component-scan>
       <mvc:annotation-driven/>
       
    <bean id="viewResolver" class="org.springframework.web.servlet.view.InternalResourceViewResolver">
     <property name="viewClass">
     <value>org.springframework.web.servlet.view.JstlView</value>
     </property>
    <property name="prefix"><value>/WEB-INF/views/</value></property>
    <property name="suffix"><value>.jsp</value></property>
    </bean>
    
    
 </beans>