<?xml version="1.0" encoding="UTF-8"?>
<beans xmlns="http://www.springframework.org/schema/beans"
	xmlns:xsi="http://www.w3.org/2001/XMLSchema-instance" 
	xmlns:aop="http://www.springframework.org/schema/aop"
	xmlns:context="http://www.springframework.org/schema/context"
	xsi:schemaLocation="http://www.springframework.org/schema/beans 
	http://www.springframework.org/schema/beans/spring-beans-4.0.xsd
	http://www.springframework.org/schema/context
	http://www.springframework.org/schema/context/spring-context-4.0.xsd">
	
	<bean id="SBU" class="com.cg.springs.lab1_2.SBU">
	<property name="sbuId" value="1002"/>
	<property name="sbuName" value="Pinky"/>
	<property name="sbuHead" value="ST"/>
	</bean>
	<bean id="empl" class="com.cg.springs.lab1_2.Employee">
	<property name="employeeId" value="1001"/>
	<property name="employeeName" value="Satya"/>
	<property name="salary" value="20000"/>
	<property name="businessUnit" ref="SBU"/>
	</bean>
	</beans>