<?xml version="1.0" encoding="UTF-8"?>
<beans xmlns="http://www.springframework.org/schema/beans"
	xmlns:xsi="http://www.w3.org/2001/XMLSchema-instance" 
	xmlns:util="http://www.springframework.org/schema/util"
    xmlns:p="http://www.springframework.org/schema/p"
	xmlns:aop="http://www.springframework.org/schema/aop"
	xmlns:context="http://www.springframework.org/schema/context"
	xsi:schemaLocation="http://www.springframework.org/schema/beans 
	http://www.springframework.org/schema/beans/spring-beans-4.0.xsd
	http://www.springframework.org/schema/context
	http://www.springframework.org/schema/util
    http://www.springframework.org/schema/util/spring-util-3.0.xsd
	http://www.springframework.org/schema/context/spring-context-4.0.xsd">
	
	
	<bean id="SBU" class="com.cg.springs.lab1_3.SBU">
	<property name="sbuCode" value="1001"/>
	<property name="sbuName" value="Pinky"/>
	<property name="sbuHead" value="ST"/>
	<property name="list" value="#{emplist}"></property>
	</bean>
	<util:list id="emplist">
	<bean class="com.cg.springs.lab1_3.Employee" p:employeeId="10" p:employeeName="Satya" p:salary="1000"></bean>  
	</util:list>
	
	</beans>