<beans xmlns="http://www.springframework.org/schema/beans"
	xmlns:xsi="http://www.w3.org/2001/XMLSchema-instance" 
	xmlns:aop="http://www.springframework.org/schema/aop"
	xmlns:context="http://www.springframework.org/schema/context"
	xsi:schemaLocation="http://www.springframework.org/schema/beans 
	http://www.springframework.org/schema/beans/spring-beans-4.0.xsd 
	http://www.springframework.org/schema/context
	http://www.springframework.org/schema/context/spring-context-4.0.xsd">
	
	<context:component-scan base-package="com.cg.mvc.controller"/>
	<bean name="/hello.obj" class="com.cg.mvc.controller.FirstController"></bean>
	
	<bean id="viewResolver" class="org.springframework.web.servlet.view.InternalResourceViewResolver">
	<property name="viewClass">
	<value>org.springframework.web.servlet.view.JstlView</value>
	</property>
	<property name="prefix"><value>/</value></property>
	<property name="suffix"><value>.jsp</value></property>
	</bean>
</beans>